{"cameraMode":{"drawMode":0,"name":"Shaded","section":"Shading Mode"},"sceneLighting":false,"audioPlay":false,"sceneViewState":{"m_AlwaysRefresh":false,"showFog":true,"showSkybox":false,"showFlares":true,"showImageEffects":true,"showParticleSystems":true,"showVisualEffectGraphs":true,"m_FxEnabled":false},"in2DMode":false,"pivot":{"x":27.003643035888673,"y":684.618896484375,"z":30.078908920288087},"rotation":{"x":-0.016804246231913568,"y":0.023092254996299745,"z":-0.0003880596486851573,"w":-0.9995942711830139},"size":87.84922790527344,"orthographic":false}