{"cameraMode":{"drawMode":0,"name":"Shaded","section":"Shading Mode"},"sceneLighting":true,"audioPlay":false,"sceneViewState":{"m_AlwaysRefresh":false,"showFog":true,"showSkybox":true,"showFlares":true,"showImageEffects":true,"showParticleSystems":true,"showVisualEffectGraphs":true,"m_FxEnabled":false},"in2DMode":false,"pivot":{"x":-3.059999942779541,"y":0.49000000953674319,"z":1.649999976158142},"rotation":{"x":-0.1541130244731903,"y":0.03170856460928917,"z":-0.004948009271174669,"w":-0.9875333905220032},"size":1.9986658096313477,"orthographic":false}